Name,Allegiances,Death Year,Islive,AllegiancesDigit,Book of Death,Death Chapter,Book Intro Chapter,Gender,Nobility,GoT,CoK,SoS,FfC,DwD
Albar Royce,Arryn,,Alive,1,,,38,1,1,1,0,0,1,0
Andar Royce,Arryn,,Alive,1,,,29,1,1,1,0,0,0,0
Anya Waynwood,Arryn,,Alive,1,,,38,0,1,1,0,0,1,0
Benedar Belmore,Arryn,,Alive,1,,,23,1,1,0,0,0,1,0
Byron,Arryn,,Alive,1,,,41,1,0,0,0,0,1,0
Eon Hunter,Arryn,300,Dead,1,3,80,38,1,1,1,0,1,0,0
Gilwood Hunter,Arryn,,Alive,1,,,80,1,1,0,0,1,0,0
Gyles Grafton,Arryn,,Alive,1,,,41,1,1,0,0,0,1,0
Horton Redfort,Arryn,,Alive,1,,,23,1,1,0,0,0,1,0
Lyn Corbray,Arryn,,Alive,1,,,38,1,1,1,0,0,1,0
Marillion,Arryn,300,Dead,1,4,23,28,1,0,1,0,1,1,0
Marwyn Belmore,Arryn,,Alive,1,,,10,1,1,0,0,0,1,0
Morton Waynwood,Arryn,,Alive,1,,,40,1,1,1,0,0,0,0
Mya Stone,Arryn,,Alive,1,,,34,0,0,1,0,0,1,0
Myranda Royce,Arryn,,Alive,1,,,41,0,1,0,0,0,1,0
Nestor Royce,Arryn,,Alive,1,,,34,1,1,1,0,0,1,0
Ossy,Arryn,,Alive,1,,,41,1,0,0,0,0,1,0
Raymar Royce,Arryn,,Alive,1,,,45,1,1,0,0,1,0,0
Symond Templeton,Arryn,,Alive,1,,,10,1,1,0,0,0,1,0
Terrance Lynderly,Arryn,,Alive,1,,,41,1,1,0,0,0,1,0
Vardis Egen,Arryn,298,Dead,1,1,40,34,1,0,1,0,0,0,0
Willis Wode,Arryn,,Alive,1,,,31,1,1,1,0,0,0,0
Yohn Royce,Arryn,,Alive,1,,,29,1,1,1,0,0,1,0
Aemon Estermont,Baratheon,,Alive,2,,,38,1,1,0,1,1,0,0
Alesander Staedmon,Baratheon,,Alive,2,,,65,1,1,0,1,0,0,0
Alester Florent,Baratheon,300,Dead,2,4,,36,1,1,0,1,1,0,0
Allard Seaworth,Baratheon,299,Dead,2,2,10,10,1,1,0,1,0,0,0
Alyn Estermont,Baratheon,,Alive,2,,,41,1,1,0,1,1,0,0
Andrew Estermont,Baratheon,,Alive,2,,,36,1,1,0,0,1,0,0
Ardrian Celtigar,Baratheon,,Alive,2,,,10,1,1,0,1,1,0,0
Axell Florent,Baratheon,,Alive,2,,,29,1,1,0,1,1,0,1
Boros Blount,Baratheon,,Alive,2,,,8,1,1,1,1,1,1,1
Bryan Fossoway,Baratheon,299,Dead,2,2,62,42,1,1,1,1,0,0,0
Bryce Caron,Baratheon,299,Dead,2,2,65,29,1,1,1,1,0,0,0
Bryen Farring,Baratheon,300,Dead,2,5,62,10,1,1,0,1,0,0,1
Clayton Suggs,Baratheon,,Alive,2,,,17,1,0,0,0,0,0,1
Corliss Penny,Baratheon,,Alive,2,,,26,1,0,0,0,0,0,1
Cortnay Penrose,Baratheon,299,Dead,2,2,42,31,1,1,0,1,0,0,0
Cressen,Baratheon,299,Dead,2,1,0,0,1,0,0,1,0,0,0
Dale Seaworth,Baratheon,299,Dead,2,2,58,10,1,1,0,1,0,0,0
Dalla (Dragonstone),Baratheon,,Alive,2,,,45,0,0,0,1,0,0,0
Davos Seaworth,Baratheon,,Alive,2,,,41,1,1,0,1,1,0,1
Dermot,Baratheon,,Alive,2,,,65,1,0,0,1,0,1,0
Devan Seaworth,Baratheon,,Alive,2,,,10,1,1,0,1,1,0,1
Duram Bar Emmon,Baratheon,,Alive,2,,,34,1,1,0,1,0,0,0
Elyas Willum,Baratheon,,Alive,2,,,22,1,1,0,1,0,0,0
Emmon Cuy,Baratheon,299,Dead,2,2,42,33,1,1,0,1,0,0,0
Gerald Gower,Baratheon,,Alive,2,,,54,1,1,0,0,1,0,0
Godry Farring,Baratheon,,Alive,2,,,3,1,1,0,0,0,0,1
Guncer Sunglass,Baratheon,299,Dead,2,3,10,0,1,1,0,1,1,0,0
Guyard Morrigen,Baratheon,299,Dead,2,2,62,22,1,1,0,1,0,0,0
Hubard Rambton,Baratheon,299,Dead,2,5,10,10,1,1,0,1,0,0,0
Imry Florent,Baratheon,299,Dead,2,3,4,58,1,1,0,1,1,0,0
Jon Fossoway,Baratheon,,Alive,2,,,22,1,1,0,1,0,0,0
Josua Willum,Baratheon,,Alive,2,,,22,1,1,0,1,0,0,0
Justin Massey,Baratheon,,Alive,2,,,7,1,1,0,0,0,0,1
Lamprey,Baratheon,,Alive,2,,,25,1,0,0,0,1,0,0
Lorent Caswell,Baratheon,,Alive,2,,,22,1,1,0,1,0,0,0
Mandon Moore,Baratheon,299,Dead,2,2,61,51,1,1,1,1,0,0,0
Matrice,Baratheon,,Alive,2,,,8,0,0,0,1,0,0,0
Matthos Seaworth,Baratheon,299,Dead,2,2,58,10,1,1,0,1,0,0,0
Melisandre,Baratheon,,Alive,2,,,10,0,0,0,1,1,0,1
Monford Velaryon,Baratheon,299,Dead,2,3,25,0,1,1,0,1,0,0,0
Moon Boy,Baratheon,,Alive,2,,,29,1,0,1,1,1,1,0
Parmen Crane,Baratheon,,Alive,2,,,22,1,1,0,1,0,0,0
Patchface,Baratheon,,Alive,2,,,25,1,0,0,1,1,0,1
Patrek of King's Mountain,Baratheon,300,Dead,2,5,69,44,1,1,0,0,0,0,1
Porridge,Baratheon,,Alive,2,,,25,1,0,0,0,1,0,0
Preston Greenfield,Baratheon,299,Dead,2,2,41,43,1,0,1,1,0,0,0
Pylos,Baratheon,,Alive,2,,,26,1,0,0,1,1,0,0
Richard Horpe,Baratheon,,Alive,2,,,17,1,1,0,0,0,0,1
Robar Royce,Baratheon,299,Dead,2,2,6,29,1,1,1,1,1,0,0
Ronnet Connington,Baratheon,,Alive,2,,,22,1,1,0,1,0,1,1
Salladhor Saan,Baratheon,,Alive,2,,,2,1,1,0,1,1,0,0
Selyse Florent,Baratheon,,Alive,2,,,34,0,1,0,1,1,0,1
Shireen Baratheon,Baratheon,,Alive,2,,,25,0,1,0,1,1,0,1
Shyra Errol,Baratheon,300,Dead,2,4,,42,0,1,0,1,0,0,0
Tanton Fossoway,Baratheon,,Alive,2,,,22,1,1,0,1,0,0,0
Timon,Baratheon,,Alive,2,,,65,1,0,0,1,0,0,0
Ambrode,Greyjoy,,Alive,3,,,24,1,0,0,1,0,0,0
Andrik,Greyjoy,,Alive,3,,,19,1,1,0,0,0,1,0
Boremund Harlaw,Greyjoy,,Alive,3,,,11,1,1,0,0,0,1,0
Dagon Codd,Greyjoy,300,Dead,3,5,20,20,1,1,0,0,0,0,1
Denys Drumm,Greyjoy,,Alive,3,,,19,1,1,0,0,0,1,0
Donnel Drumm,Greyjoy,,Alive,3,,,19,1,1,0,0,0,1,0
Dunstan Drumm,Greyjoy,,Alive,3,,,19,1,1,0,0,0,1,0
Dykk Harlaw,Greyjoy,299,Dead,3,2,66,66,1,0,0,1,0,0,0
Eldred Codd,Greyjoy,,Alive,3,,,18,1,1,0,0,0,1,0
Emmond,Greyjoy,,Alive,3,,,1,1,0,0,0,0,1,0
Endehar,Greyjoy,,Alive,3,,,56,1,0,0,1,0,0,0
Erik Ironmaker,Greyjoy,,Alive,3,,,19,1,1,0,0,0,1,0
Esgred,Greyjoy,,Alive,3,,,24,1,0,0,1,0,0,0
Falia Flowers,Greyjoy,,Alive,3,,,29,0,0,0,0,0,1,0
Gevin Harlaw,Greyjoy,299,Dead,3,2,66,37,1,1,0,1,0,0,0
Gormond Goodbrother,Greyjoy,,Alive,3,,,1,1,1,0,0,0,1,0
Gorold Goodbrother,Greyjoy,,Alive,3,,,1,1,1,0,0,0,1,0
Gran Goodbrother,Greyjoy,,Alive,3,,,1,1,1,0,0,0,1,0
Greydon Goodbrother,Greyjoy,,Alive,3,,,1,1,1,0,0,0,1,0
Gwin Goodbrother,Greyjoy,,Alive,3,,,1,0,1,0,0,0,1,0
Gylbert Farwynd,Greyjoy,,Alive,3,,,19,1,1,0,0,0,1,0
Gyles Farwynd,Greyjoy,,Alive,3,,,19,1,1,0,0,0,1,0
Gysella Goodbrother,Greyjoy,,Alive,3,,,1,0,1,0,0,0,1,0
Harmund Sharp,Greyjoy,,Alive,3,,,19,1,1,0,0,0,1,0
Harrag Sharp,Greyjoy,299,Dead,3,5,19,66,1,1,0,1,0,1,0
Harras Harlaw,Greyjoy,,Alive,3,,,11,1,1,0,0,0,1,0
Joseran,Greyjoy,,Alive,3,,,11,1,0,0,0,0,1,0
Lenwood Tawney,Greyjoy,,Alive,3,,,18,1,0,0,0,0,1,0
Lorren,Greyjoy,299,Dead,3,2,66,37,1,0,0,1,0,0,0
Lucas Codd,Greyjoy,,Alive,3,,,11,1,1,0,0,0,1,0
Maron Volmark,Greyjoy,,Alive,3,,,18,1,1,0,0,0,1,0
Meldred Merlyn,Greyjoy,,Alive,3,,,1,1,1,0,0,0,1,0
Moqorro,Greyjoy,,Alive,3,,,33,1,0,0,0,0,0,1
Murenmure,Greyjoy,,Alive,3,,,1,1,0,0,0,0,1,0
Norjen,Greyjoy,,Alive,3,,,1,1,0,0,0,0,1,0
Qarl Shepherd,Greyjoy,,Alive,3,,,26,1,0,0,0,0,0,1
Qarl the Maid,Greyjoy,,Alive,3,,,42,1,0,0,1,0,1,1
Quellon Humble,Greyjoy,,Alive,3,,,18,1,1,0,0,0,1,0
Ralf Kenning,Greyjoy,300,Dead,3,5,20,18,1,0,0,0,0,1,1
Ralf Stonehouse,Greyjoy,,Alive,3,,,18,1,1,0,0,0,0,1
Ralf the Limper,Greyjoy,,Alive,3,,,18,1,0,0,0,0,1,1
Rodrik Harlaw,Greyjoy,,Alive,3,,,11,1,1,0,0,0,1,0
Rolfe,Greyjoy,,Alive,3,,,24,1,0,0,1,0,0,0
Romny Weaver,Greyjoy,,Alive,3,,,18,1,1,0,0,0,1,0
Sawane Botley,Greyjoy,299,Dead,3,4,18,1,1,1,0,0,0,1,0
Sigfry Stonetree,Greyjoy,,Alive,3,,,19,1,1,0,0,0,1,0
Three-Tooth,Greyjoy,,Alive,3,,,11,0,0,0,0,0,1,0
Todric,Greyjoy,299,Dead,3,2,37,37,1,0,0,1,0,0,0
Tristifer Botley,Greyjoy,,Alive,3,,,11,1,1,0,0,0,1,1
Ygon Farwynd,Greyjoy,,Alive,3,,,19,1,1,0,0,0,1,0
Yohn Farwynd,Greyjoy,,Alive,3,,,19,1,1,0,0,0,1,0
Becca,House Arryn,,Alive,4,,,12,0,0,1,0,0,0,0
Colemon,House Arryn,,Alive,4,,,34,1,0,1,0,1,1,0
Hugh,House Arryn,298,Dead,4,1,29,25,1,0,1,0,0,0,0
Lysa Tully,House Arryn,300,Dead,4,3,,34,0,1,1,0,1,0,0
Mela,House Arryn,,Alive,4,,,23,0,0,0,0,0,1,0
Mord,House Arryn,,Alive,4,,,38,1,0,1,0,0,1,0
Robert Arryn,House Arryn,,Alive,4,,,40,1,1,1,0,1,1,0
Colen of Greenpools,House Baratheon,,Alive,5,,,22,1,1,0,1,0,0,0
Edric Storm,House Baratheon,,Alive,5,,,10,1,0,0,0,1,0,0
Harwood Fell,House Baratheon,300,Dead,5,5,42,17,1,1,0,0,0,0,1
Jate Blackberry,House Baratheon,,Alive,5,3,10,10,1,0,0,0,1,0,0
Jommy,House Baratheon,,Alive,5,,,40,1,0,0,1,0,0,0
Maric Seaworth,House Baratheon,299,Dead,5,2,58,10,1,1,0,1,0,0,0
Renly Baratheon,House Baratheon,299,Dead,5,2,33,15,1,1,1,1,0,0,0
Robert Baratheon,House Baratheon,298,Dead,5,1,47,4,1,1,1,0,0,0,0
Adrack Humble,House Greyjoy,300,Dead,6,5,20,20,1,1,0,0,0,0,1
Aeron Greyjoy,House Greyjoy,,Alive,6,,,11,1,1,0,1,0,1,0
Aggar,House Greyjoy,299,Dead,6,2,56,50,1,0,0,1,0,0,0
Asha Greyjoy,House Greyjoy,,Alive,6,,,11,0,1,0,1,0,1,1
Cragorn,House Greyjoy,300,Dead,6,4,29,19,1,0,0,0,0,1,0
Dagmer,House Greyjoy,,Alive,6,,,11,1,0,0,1,0,0,0
Drennan,House Greyjoy,299,Dead,6,2,50,50,1,0,0,1,0,0,0
Gelmarr,House Greyjoy,299,Dead,6,2,56,50,1,0,0,1,0,0,0
Gynir,House Greyjoy,299,Dead,6,2,56,50,1,0,0,1,0,0,0
Kenned,House Greyjoy,299,Dead,6,2,66,66,1,0,0,1,0,0,0
Kromm,House Greyjoy,299,Dead,6,2,66,56,1,0,0,1,0,0,0
Nute,House Greyjoy,,Alive,6,,,18,1,0,0,0,0,1,0
Ragnor Pyke,House Greyjoy,,Alive,6,,,29,1,0,0,0,0,1,0
Red Rolfe,House Greyjoy,299,Dead,6,2,66,66,1,0,0,1,0,0,0
Rolfe the Dwarf,House Greyjoy,300,Dead,6,5,26,26,1,0,0,0,0,0,1
Rymolf Stormdrunk,House Greyjoy,,Alive,6,,,24,1,0,0,1,0,0,0
Squint,House Greyjoy,299,Dead,6,2,50,50,1,0,0,1,0,0,0
Stygg,House Greyjoy,,Alive,6,,,37,1,0,0,1,0,0,0
Theon Greyjoy,House Greyjoy,,Alive,6,,,1,1,1,1,1,0,0,1
Tymor,House Greyjoy,299,Dead,6,2,66,37,1,0,0,1,0,0,0
Ulf the Ill,House Greyjoy,299,Dead,6,2,66,66,1,0,0,1,0,0,0
Victarion Greyjoy,House Greyjoy,,Alive,6,,,24,1,1,0,1,0,1,1
Werlag,House Greyjoy,299,Dead,6,2,66,37,1,0,0,1,0,0,0
Wulfe,House Greyjoy,,Alive,6,,,29,1,0,0,0,0,1,1
Amory Lorch,House Lannister,299,Dead,7,2,47,14,1,1,0,1,0,0,0
Cadwyn,House Lannister,,Alive,7,,,47,1,0,0,1,0,0,0
Cersei Lannister,House Lannister,,Alive,7,,,4,0,1,1,1,1,1,1
Daven Lannister,House Lannister,,Alive,7,,,12,1,1,0,0,0,1,0
Godwyn,House Lannister,,Alive,7,,,32,1,0,1,0,0,0,0
Jate,House Lannister,,Alive,7,4,44,44,1,0,0,0,0,1,0
Jodge,House Lannister,,Alive,7,,,30,1,0,0,1,0,0,0
Joffrey Baratheon,House Lannister,300,Dead,7,3,60,5,1,1,1,1,1,0,0
Jyck,House Lannister,298,Dead,7,1,31,21,1,0,1,0,0,0,0
Kevan Lannister,House Lannister,300,Dead,7,5,,56,1,1,1,1,1,1,1
Mallor,House Lannister,,Alive,7,,,63,1,0,1,0,0,0,0
Morrec,House Lannister,298,Dead,7,1,31,13,1,0,1,0,0,0,0
Pycelle,House Lannister,300,Dead,7,5,,20,1,0,1,1,1,1,1
Rolder,House Lannister,,Alive,7,,,21,1,0,0,0,0,1,0
Rupert Brax,House Lannister,299,Dead,7,2,32,32,1,0,0,1,0,0,0
Senelle,House Lannister,300,Dead,7,4,24,3,0,0,0,0,0,1,0
Tregar,House Lannister,298,Dead,7,1,39,35,1,0,1,0,0,0,0
Tyrek Lannister,House Lannister,299,Dead,7,2,41,30,1,1,1,1,0,0,0
Tywin Lannister,House Lannister,300,Dead,7,3,77,42,1,1,1,1,1,0,0
Vylarr,House Lannister,,Alive,7,,,3,1,0,0,1,0,0,0
Willem Lannister,House Lannister,299,Dead,7,3,20,19,1,1,0,0,1,0,0
Areo Hotah,House Martell,,Alive,8,,,2,1,0,0,0,0,1,1
Arianne Martell,House Martell,,Alive,8,,,2,0,1,0,0,0,1,1
Caleotte,House Martell,,Alive,8,,,2,1,0,0,0,0,1,1
Mellei,House Martell,,Alive,8,,,40,0,0,0,0,0,1,0
Morra,House Martell,,Alive,8,,,40,0,0,0,0,0,1,0
Myles,House Martell,,Alive,8,,,2,1,0,0,0,0,1,1
Nymeria Sand,House Martell,,Alive,8,,,2,0,1,0,0,0,1,1
Obara Sand,House Martell,,Alive,8,,,2,0,1,0,0,0,1,1
Oberyn Martell,House Martell,300,Dead,8,3,70,38,1,1,0,0,1,0,0
Ricasso,House Martell,,Alive,8,,,2,1,0,0,0,0,1,1
Sarella Sand,House Martell,,Alive,8,,,2,0,0,0,0,0,1,0
Tyene Sand,House Martell,,Alive,8,,,38,0,1,0,0,0,1,1
Alebelly,House Stark,299,Dead,9,2,46,4,1,0,0,1,0,0,0
Alyn,House Stark,298,Dead,9,3,34,12,1,0,1,0,0,0,0
Barth (brewer),House Stark,,Alive,9,,,50,1,0,0,1,0,0,0
Bran Stark,House Stark,,Alive,9,,,1,1,1,1,1,1,0,1
Catelyn Tully,House Stark,299,Dead,9,3,51,2,0,1,1,1,1,0,0
Cayn,House Stark,298,Dead,9,1,49,4,1,0,1,0,0,0,0
Desmond,House Stark,298,Dead,9,1,50,1,1,0,1,0,0,0,0
Donnis,House Stark,,Alive,9,,,7,1,0,1,0,0,0,0
Eddard Stark,House Stark,299,Dead,9,1,65,1,1,1,1,0,0,0,0
Farlen,House Stark,299,Dead,9,2,56,46,1,0,0,1,0,0,0
Gage,House Stark,,Alive,9,,,4,1,1,0,1,0,0,0
Gariss,House Stark,,Alive,9,,,50,1,0,0,1,0,0,0
Heward,House Stark,298,Dead,9,1,35,35,1,0,1,0,0,0,0
Hodor,House Stark,,Alive,9,,,24,1,0,1,1,1,0,1
Hullen,House Stark,298,Dead,9,1,50,1,1,0,1,0,0,0,0
Jacks,House Stark,,Alive,9,,,22,1,0,1,1,0,0,0
Joseth,House Stark,,Alive,9,,,37,1,0,1,1,0,0,0
Kyra,House Stark,300,Dead,9,5,12,37,0,0,1,1,0,0,1
Lew,House Stark,,Alive,9,,,7,1,0,1,0,0,0,0
Luwin,House Stark,299,Dead,9,2,69,14,1,0,1,1,0,0,0
Mikken,House Stark,299,Dead,9,2,46,8,1,0,1,1,0,0,0
Mordane,House Stark,298,Dead,9,1,67,7,0,0,1,0,0,0,0
Murch (Winterfell),House Stark,,Alive,9,,,50,1,0,0,1,0,0,0
Nan,House Stark,,Alive,9,,,1,0,0,1,1,0,0,0
Osha,House Stark,,Alive,9,,,37,0,0,1,1,0,0,0
Palla,House Stark,,Alive,9,,,46,0,0,0,1,0,0,0
Porther,House Stark,299,Dead,9,2,21,22,1,0,1,1,0,0,0
Poxy Tym,House Stark,299,Dead,9,2,69,16,1,0,0,1,0,0,0
Quent,House Stark,,Alive,9,,,37,1,0,1,0,0,0,0
Rickon Stark,House Stark,,Alive,9,,,7,1,1,1,1,0,0,0
Robb Stark,House Stark,299,Dead,9,3,51,1,1,1,1,1,1,0,0
Syrio Forel,House Stark,298,Dead,9,1,50,22,1,0,1,0,0,0,0
Tomard,House Stark,298,Dead,9,1,49,22,1,0,1,0,0,0,0
Wayn (guard),House Stark,,Alive,9,,,37,1,0,1,0,0,0,0
Wyl (guard),House Stark,298,Dead,9,1,35,35,1,0,1,0,0,0,0
Aegon Targaryen,House Targaryen,,Alive,10,,,5,1,1,0,0,0,0,1
Aggo,House Targaryen,,Alive,10,,,54,1,0,1,1,1,0,1
Belwas,House Targaryen,,Alive,10,,,63,1,0,0,1,1,0,1
Brynden Rivers,House Targaryen,,Alive,10,,,34,1,1,0,0,0,0,1
Daenerys Targaryen,House Targaryen,,Alive,10,,,3,0,1,1,1,1,0,1
Doreah,House Targaryen,299,Dead,10,2,12,11,0,0,1,1,0,0,0
Groleo,House Targaryen,300,Dead,10,5,59,1,1,0,0,0,1,0,1
Haldon,House Targaryen,,Alive,10,,,8,1,0,0,0,0,0,1
Illyrio Mopatis,House Targaryen,,Alive,10,,,3,1,1,1,0,0,0,1
Irri,House Targaryen,,Alive,10,,,11,0,0,1,1,1,0,1
Jhiqui,House Targaryen,,Alive,10,,,11,0,0,1,1,1,0,1
Jhogo,House Targaryen,,Alive,10,,,23,1,0,1,1,1,0,1
Missandei,House Targaryen,,Alive,10,,,23,0,0,0,0,1,0,1
Mossador,House Targaryen,300,Dead,10,5,11,11,1,0,0,0,1,0,1
Rakharo,House Targaryen,,Alive,10,,,54,1,0,1,1,1,0,1
The Red Lamb,House Targaryen,,Alive,10,,,67,1,0,0,0,0,0,1
Viserys Targaryen,House Targaryen,298,Dead,10,1,46,3,1,1,1,0,0,0,0
Yandry,House Targaryen,,Alive,10,,,8,1,0,0,0,0,0,1
Ysilla,House Targaryen,,Alive,10,,,8,1,0,0,0,0,0,1
Brynden Tully,House Tully,,Alive,11,,,2,1,1,1,1,1,1,0
Delp,House Tully,299,Dead,11,3,20,39,1,0,0,1,1,0,0
Edmure Tully,House Tully,,Alive,11,,,28,1,1,1,1,1,1,0
Elwood,House Tully,299,Dead,11,3,20,20,1,0,0,0,1,0,0
Enger,House Tully,,Alive,11,,,39,1,0,0,1,0,0,0
Hoster Tully,House Tully,299,Dead,11,3,35,71,1,1,1,1,1,0,0
Myles,House Tully,299,Dead,11,2,39,39,1,0,0,1,0,0,0
Poul Pemford,House Tully,299,Dead,11,2,39,39,1,0,0,1,0,0,0
Alerie Hightower,House Tyrell,,Alive,12,,,6,0,1,0,0,1,1,0
Alla Tyrell,House Tyrell,,Alive,12,,,6,0,1,0,0,1,1,0
Arryk (Guard),House Tyrell,,Alive,12,,,6,1,0,0,0,1,1,0
Blue Bard,House Tyrell,,Alive,12,,,12,1,0,0,0,0,1,0
Butterbumps,House Tyrell,,Alive,12,,,6,1,0,0,0,1,0,0
Erryk (Guard),House Tyrell,,Alive,12,,,6,1,0,0,0,1,1,0
Garlan Tyrell,House Tyrell,,Alive,12,,,62,1,1,0,1,1,1,0
Kerwin,House Tyrell,300,Dead,12,5,56,29,1,0,0,0,0,1,1
Mace Tyrell,House Tyrell,,Alive,12,,,62,1,1,0,1,1,1,1
Margaery Tyrell,House Tyrell,,Alive,12,,,22,0,1,0,1,1,1,0
Megga Tyrell,House Tyrell,,Alive,12,,,6,0,1,0,0,1,1,0
Addam Marbrand,Lannister,,Alive,13,,,56,1,1,1,1,1,1,0
Aemon Costayne,Lannister,,Alive,13,,,34,1,1,0,0,1,0,0
Alyn Stackspear,Lannister,,Alive,13,,,16,1,1,0,0,0,1,0
Antario Jast,Lannister,,Alive,13,,,32,1,1,0,1,0,0,0
Arneld,Lannister,,Alive,13,,,59,1,0,0,1,0,0,0
Aron Santagar,Lannister,299,Dead,13,2,41,18,1,1,1,1,0,0,0
Arys Oakheart,Lannister,300,Dead,13,4,21,57,1,1,1,1,0,1,0
Aurane Waters,Lannister,,Alive,13,,,65,1,0,0,1,0,1,0
Ballabar,Lannister,,Alive,13,,,4,1,0,0,1,0,0,0
Balon Swann,Lannister,,Alive,13,,,29,1,1,1,1,1,1,1
Bonifer Hasty,Lannister,,Alive,13,,,65,1,1,0,1,0,1,0
Bronn,Lannister,,Alive,13,,,28,1,1,1,1,1,0,0
Burton Crakehall,Lannister,299,Dead,13,2,7,55,1,1,1,1,0,0,0
Chella,Lannister,,Alive,13,,,56,0,0,1,1,1,0,0
Chiggen,Lannister,298,Dead,13,1,42,31,1,0,1,0,0,0,0
Conn,Lannister,298,Dead,13,1,62,42,1,0,1,0,0,0,0
Emmon Frey,Lannister,,Alive,13,,,29,1,1,1,0,0,1,0
Falyse Stokeworth,Lannister,300,Dead,13,5,36,2,0,1,0,1,0,1,0
Flement Brax,Lannister,,Alive,13,,,56,1,1,1,0,1,1,0
Forley Prester,Lannister,,Alive,13,,,33,1,1,0,0,0,1,0
Frenken,Lannister,,Alive,13,,,15,1,0,0,1,1,0,0
Garrett Paege,Lannister,,Alive,13,,,30,1,1,0,0,0,1,0
Genna Lannister,Lannister,,Alive,13,,,33,0,1,0,0,0,1,0
Gregor Clegane,Lannister,300,Dead,13,4,72,29,1,1,1,1,1,0,0
Gyles Rosby,Lannister,300,Dead,13,4,39,57,1,1,1,1,1,1,0
Hallyne,Lannister,,Alive,13,,,17,1,0,0,1,0,1,0
Harys Swyft,Lannister,,Alive,13,,,69,1,1,1,1,1,1,1
Humfrey Swyft,Lannister,,Alive,13,,,16,1,1,0,0,0,1,0
Ilyn Payne,Lannister,,Alive,13,,,15,1,1,1,1,1,1,0
Jacelyn Bywater,Lannister,299,Dead,13,2,19,8,0,1,0,1,0,0,0
Jaime Lannister,Lannister,,Alive,13,,,5,1,1,1,1,1,1,1
Jocelyn Swyft,Lannister,,Alive,13,,,3,0,1,0,0,0,1,1
Jon Bettley,Lannister,,Alive,13,,,16,1,1,0,0,0,1,0
Josmyn Peckledon,Lannister,,Alive,13,,,65,1,0,0,1,1,1,1
Joss Stilwood,Lannister,,Alive,13,,,29,1,0,1,0,0,0,0
Jothos Slynt,Lannister,,Alive,13,,,66,1,1,0,0,1,0,0
Kennos of Kayce,Lannister,,Alive,13,,,6,1,1,0,0,1,1,1
Lambert Turnberry,Lannister,,Alive,13,,,7,1,1,0,0,0,1,0
Lancel Lannister,Lannister,,Alive,13,,,47,1,1,1,1,1,1,1
Leo Lefford,Lannister,299,Dead,13,2,45,62,1,1,1,1,0,0,0
Lewys Lydden,Lannister,,Alive,13,,,62,1,1,1,1,0,0,0
Lewys Piper,Lannister,,Alive,13,,,27,1,1,0,0,0,1,0
Lollys Stokeworth,Lannister,,Alive,13,,,2,0,1,0,1,1,0,0
Lyle Crakehall,Lannister,,Alive,13,,,12,1,1,0,0,0,1,0
Malliard,Lannister,,Alive,13,,,20,1,0,0,1,0,0,0
Mathis Rowan,Lannister,,Alive,13,,,22,1,1,0,1,1,1,0
Merlon Crakehall,Lannister,,Alive,13,,,38,1,1,0,0,1,0,0
Meryn Trant,Lannister,,Alive,13,,,8,1,1,1,1,1,1,1
Morros Slynt,Lannister,,Alive,13,,,2,1,1,0,1,1,0,0
Munciter,Lannister,,Alive,13,,,20,1,0,0,1,0,0,0
Myrcella Baratheon,Lannister,,Alive,13,,,5,0,1,1,1,0,1,0
Orton Merryweather,Lannister,,Alive,13,,,11,1,1,0,0,1,1,0
Osfryd Kettleblack,Lannister,,Alive,13,,,41,1,1,0,1,1,1,0
Osmund Kettleblack,Lannister,,Alive,13,,,41,1,1,0,1,1,1,0
Osney Kettleblack,Lannister,,Alive,13,,,41,1,1,0,1,1,1,0
Philip Foote,Lannister,,Alive,13,,,65,1,1,0,1,1,0,0
Podrick Payne,Lannister,,Alive,13,,,62,1,1,1,1,1,1,0
Quenten Banefort,Lannister,,Alive,13,,,16,1,1,0,0,0,1,0
Qyburn,Lannister,,Alive,13,,,64,1,0,0,1,1,1,1
Robin Moreland,Lannister,,Alive,13,,,16,1,1,0,0,0,1,0
Roger Hogg,Lannister,,Alive,13,,,27,1,1,0,0,0,1,0
Roland Crakehall (Lord),Lannister,,Alive,13,,,32,1,1,0,1,0,0,0
Rolph Spicer,Lannister,,Alive,13,,,14,1,1,0,0,1,0,0
Shae,Lannister,300,Dead,13,3,77,62,0,0,1,1,1,0,0
Shagga,Lannister,,Alive,13,,,39,1,0,1,1,0,0,0
Steffon Swyft,Lannister,,Alive,13,,,27,1,1,0,0,0,1,0
Sybell Spicer,Lannister,,Alive,13,,,14,0,1,0,0,1,1,0
Symon Silver Tongue,Lannister,299,Dead,13,3,32,44,1,0,0,1,1,0,0
Taena of Myr,Lannister,,Alive,13,,,6,0,1,0,0,1,1,0
Tallad,Lannister,,Alive,13,,,17,1,0,0,1,1,1,0
Tanda Stokeworth,Lannister,300,Dead,13,4,32,2,0,1,0,1,1,0,0
Tickler,Lannister,300,Dead,13,3,74,26,1,0,0,1,1,0,0
Timett,Lannister,,Alive,13,,,56,1,0,1,1,0,0,0
Tion Frey,Lannister,299,Dead,13,3,20,20,0,1,0,0,1,0,0
Tothmure,Lannister,299,Dead,13,2,64,30,1,0,0,1,0,0,0
Triston Sunderland,Lannister,,Alive,13,,,9,1,1,0,0,0,0,1
Tyrion Lannister,Lannister,,Alive,13,,,4,1,1,1,1,1,0,1
Tytos Brax,Lannister,,Alive,13,,,63,1,1,1,1,0,0,0
Ulf son of Umar,Lannister,298,Dead,13,1,62,56,1,0,1,0,0,0,0
Weese,Lannister,299,Dead,13,2,38,26,1,0,0,1,0,0,0
Willit,Lannister,,Alive,13,,,65,1,0,0,1,0,0,0
Andrey Dalt,Martell,,Alive,14,,,21,1,1,0,0,0,1,0
Archibald Yronwood,Martell,,Alive,14,,,6,1,1,0,0,0,0,1
Arron Qorgyle,Martell,,Alive,14,,,38,1,1,0,0,1,0,0
Daemon Sand,Martell,,Alive,14,,,38,1,0,0,0,1,0,1
Deziel Dalt,Martell,,Alive,14,,,38,1,1,0,0,1,0,1
Dickon Manwoody,Martell,,Alive,14,,,38,1,1,0,0,1,0,0
Doran Martell,Martell,,Alive,14,,,2,1,1,0,0,0,1,1
Ellaria Sand,Martell,,Alive,14,,,38,0,1,0,0,1,0,1
Frynne,Martell,,Alive,14,,,40,0,0,0,0,0,1,0
Garin (Orphan),Martell,,Alive,14,,,21,1,0,0,0,0,1,0
Gerold Dayne,Martell,,Alive,14,,,13,1,1,0,0,0,1,0
Gerris Drinkwater,Martell,,Alive,14,,,6,1,1,0,0,0,0,1
Jynessa Blackmont,Martell,,Alive,14,,,38,0,1,0,0,1,0,0
Larra Blackmont,Martell,,Alive,14,,,38,0,1,0,0,1,0,0
Mors Manwoody,Martell,,Alive,14,,,38,1,1,0,0,1,0,0
Myles Manwoody,Martell,,Alive,14,,,38,1,1,0,0,1,0,0
Myria Jordayne,Martell,,Alive,14,,,38,0,0,0,0,1,0,1
Nymella Toland,Martell,,Alive,14,,,38,0,1,0,0,0,0,1
Perros Blackmont,Martell,,Alive,14,,,38,1,1,0,0,1,0,0
Quentyn Martell,Martell,300,Dead,14,5,70,6,1,1,0,0,0,0,1
Ryon Allyrion,Martell,,Alive,14,,,38,1,1,0,0,1,0,1
Sylva Santagar,Martell,,Alive,14,,,21,0,1,0,0,0,1,0
Tremond Gargalen,Martell,,Alive,14,,,38,1,1,0,0,1,0,1
Ulwyck Uller,Martell,,Alive,14,,,38,1,1,0,0,1,0,1
Willam Wells,Martell,300,Dead,14,5,6,6,1,0,0,0,0,0,1
Aemon Targaryen (son of Maekar I),Night's Watch,300,Dead,15,4,35,21,1,1,1,0,1,1,0
Aethan,Night's Watch,,Alive,15,,,0,1,0,0,0,1,0,0
Alan of Rosby,Night's Watch,300,Dead,15,5,4,18,1,1,0,1,1,0,1
Albett,Night's Watch,,Alive,15,,,26,1,0,1,0,0,0,0
Alliser Thorne,Night's Watch,,Alive,15,,,19,1,0,1,1,1,0,1
Arron,Night's Watch,,Alive,15,,,75,1,0,0,0,1,0,1
Bannen,Night's Watch,299,Dead,15,3,33,0,1,0,0,0,1,0,0
Bass,Night's Watch,,Alive,15,,,52,1,0,1,0,0,0,0
Bearded Ben,Night's Watch,,Alive,15,,,29,1,0,0,0,0,1,0
Bedwyck,Night's Watch,,Alive,15,,,13,1,0,0,1,1,0,1
Benjen Stark,Night's Watch,298,Dead,15,1,24,5,1,1,1,0,0,0,0
Black Bernarr,Night's Watch,,Alive,15,,,18,1,0,0,0,1,0,1
Blane,Night's Watch,,Alive,15,,,23,1,0,0,1,0,0,0
Borcas,Night's Watch,,Alive,15,,,48,1,0,1,0,0,0,0
Bowen Marsh,Night's Watch,,Alive,15,,,21,1,0,1,0,1,0,1
Brown Bernarr,Night's Watch,299,Dead,15,3,33,23,1,0,0,1,1,0,0
Byam Flint,Night's Watch,299,Dead,15,3,33,33,1,0,0,0,1,0,0
Cellador,Night's Watch,,Alive,15,,,48,1,0,1,0,1,0,1
Chett,Night's Watch,299,Dead,15,3,46,41,1,0,1,1,1,0,0
Clubfoot Karl,Night's Watch,300,Dead,15,5,4,0,1,0,0,0,1,0,1
Clydas,Night's Watch,,Alive,15,,,41,1,0,1,0,1,1,1
Conwy,Night's Watch,,Alive,15,,,6,1,0,0,1,0,0,0
Cotter Pyke,Night's Watch,,Alive,15,,,48,1,0,0,0,1,0,0
Cuger,Night's Watch,,Alive,15,,,34,1,0,1,0,0,0,0
Dalbridge,Night's Watch,299,Dead,15,2,53,43,1,0,0,1,0,0,0
Dareon,Night's Watch,300,Dead,15,4,34,19,1,0,1,0,0,1,0
Denys Mallister,Night's Watch,,Alive,15,,,48,1,1,0,0,1,0,0
Dick Follard,Night's Watch,299,Dead,15,3,55,41,1,0,0,0,1,0,0
Dirk,Night's Watch,300,Dead,15,5,4,0,1,0,0,0,1,0,1
Donal Noye,Night's Watch,300,Dead,15,3,64,19,1,0,1,1,1,0,0
Donnel Hill,Night's Watch,,Alive,15,,,0,1,0,0,0,1,0,1
Dornish Dilly,Night's Watch,299,Dead,15,3,55,55,1,0,0,0,1,0,0
Dywen,Night's Watch,,Alive,15,,,48,1,0,1,1,1,0,1
Easy,Night's Watch,300,Dead,15,3,55,55,1,0,0,0,1,0,0
Ebben,Night's Watch,299,Dead,15,2,68,43,1,0,0,1,0,0,0
Eddison Tollett,Night's Watch,,Alive,15,,,13,1,0,0,1,1,1,1
Emrick,Night's Watch,,Alive,15,,,75,1,0,0,0,1,0,1
Endrew Tarth,Night's Watch,299,Dead,15,3,69,60,1,0,1,0,1,0,0
Fornio,Night's Watch,,Alive,15,,,33,1,0,0,0,1,0,0
Gared,Night's Watch,297,Dead,15,1,1,0,1,0,1,0,0,0,0
Garth Greyfeather,Night's Watch,300,Dead,15,5,31,48,1,0,0,0,1,0,1
Garth of Greenaway,Night's Watch,300,Dead,15,5,4,33,1,0,0,0,1,0,1
Garth of Oldtown,Night's Watch,299,Dead,15,3,33,33,1,0,0,0,1,0,0
Glendon Hewett,Night's Watch,,Alive,15,,,69,1,0,0,0,1,0,0
Goady,Night's Watch,,Alive,15,,,0,1,0,0,0,1,0,0
Grenn,Night's Watch,,Alive,15,,,19,1,0,1,1,1,1,1
Grubbs,Night's Watch,300,Dead,15,5,4,0,1,0,0,0,1,0,1
Gueren,Night's Watch,,Alive,15,,,38,1,0,1,0,0,0,0
Hairy Hal,Night's Watch,300,Dead,15,5,31,55,1,0,0,0,1,1,1
Hake,Night's Watch,299,Dead,15,3,46,52,1,0,1,1,1,0,0
Halder,Night's Watch,,Alive,15,,,19,1,0,1,0,1,0,0
Hareth (Mole's Town),Night's Watch,,Alive,15,,,64,1,0,0,0,1,0,1
Harmune,Night's Watch,,Alive,15,,,78,1,0,0,0,0,0,1
Hobb,Night's Watch,,Alive,15,,,52,1,0,1,0,1,0,1
Hop-Robin,Night's Watch,,Alive,15,,,75,1,0,0,0,1,0,1
Iron Emmett,Night's Watch,,Alive,15,,,79,1,0,0,0,1,0,1
Jack Bulwer,Night's Watch,300,Dead,15,5,31,64,1,0,0,0,1,1,1
Jaremy Rykker,Night's Watch,298,Dead,15,5,60,21,1,1,1,0,0,0,0
Jarman Buckwell,Night's Watch,300,Dead,15,5,21,13,1,0,0,1,0,0,1
Jeor Mormont,Night's Watch,299,Dead,15,3,33,48,1,1,1,1,1,0,0
Jeren,Night's Watch,,Alive,15,,,19,1,0,1,0,0,0,0
Kedge Whiteye,Night's Watch,,Alive,15,,,43,1,0,0,1,1,1,0
Ketter,Night's Watch,,Alive,15,,,52,1,0,1,0,0,0,0
Koss,Night's Watch,299,Dead,15,2,14,5,1,0,0,1,0,0,0
Kurz,Night's Watch,299,Dead,15,2,19,5,1,0,0,1,0,0,0
Lark,Night's Watch,299,Dead,15,3,46,23,1,0,0,1,1,0,0
Leathers,Night's Watch,,Alive,15,,,35,1,0,0,0,0,0,1
Left Hand Lew,Night's Watch,,Alive,15,,,48,1,0,0,0,1,0,1
Lommy,Night's Watch,299,Dead,15,2,19,1,1,0,0,1,0,0,0
Luke of Longtown,Night's Watch,,Alive,15,,,35,1,0,0,0,0,0,1
Mallador Locke,Night's Watch,299,Dead,15,5,18,13,1,0,0,1,1,0,0
Maslyn,Night's Watch,299,Dead,15,3,18,0,1,0,0,0,1,0,0
Matthar,Night's Watch,,Alive,15,,,41,1,0,1,0,0,0,0
Mawney,Night's Watch,300,Dead,15,5,4,18,1,0,0,0,1,0,1
Mully,Night's Watch,,Alive,15,,,55,1,0,0,0,1,1,1
Murch,Night's Watch,,Alive,15,,,9,1,0,0,1,0,0,0
Muttering Bill,Night's Watch,300,Dead,15,5,4,1,1,0,0,0,1,0,1
Old Henly,Night's Watch,299,Dead,15,3,55,55,1,0,0,0,1,0,0
Ollo Lophand,Night's Watch,300,Dead,15,5,4,0,1,0,0,0,1,0,1
Orphan Oss,Night's Watch,300,Dead,15,5,4,1,1,0,0,0,1,0,1
Othell Yarwyck,Night's Watch,,Alive,15,,,48,1,0,1,0,1,0,1
Ottyn Wythers,Night's Watch,299,Dead,15,3,48,13,1,0,0,1,1,0,0
Owen,Night's Watch,,Alive,15,,,55,1,0,0,0,1,0,1
Pate (Night's Watch),Night's Watch,,Alive,15,,,60,1,0,1,0,0,0,0
Pypar,Night's Watch,,Alive,15,,,19,1,0,1,0,1,1,1
Qhorin Halfhand,Night's Watch,299,Dead,15,2,68,43,1,0,0,1,0,0,0
Qyle,Night's Watch,299,Dead,15,2,2,2,1,0,0,1,0,0,0
Rast,Night's Watch,299,Dead,15,3,26,55,1,0,1,0,1,0,0
Red Alyn,Night's Watch,300,Dead,15,3,69,55,1,0,0,0,1,0,0
Reysen,Night's Watch,,Alive,15,,,5,1,0,0,1,0,0,0
Rolley,Night's Watch,299,Dead,15,3,33,0,1,0,0,0,1,0,0
Ronnel Harclay,Night's Watch,,Alive,15,,,48,1,1,0,0,1,0,0
Rudge,Night's Watch,,Alive,15,,,60,1,0,1,0,0,0,0
Rusty Flowers,Night's Watch,,Alive,15,,,7,1,0,0,0,0,0,1
Samwell Tarly,Night's Watch,,Alive,15,,,70,1,1,1,1,1,1,1
Satin,Night's Watch,,Alive,15,,,6,1,0,0,1,1,0,1
Sawwood,Night's Watch,,Alive,15,,,0,1,0,0,0,1,0,0
Small Paul,Night's Watch,299,Dead,15,3,18,0,1,0,0,0,1,0,0
Softfoot,Night's Watch,299,Dead,15,3,18,0,1,0,0,0,1,0,0
Spare Boot,Night's Watch,,Alive,15,,,55,1,0,0,0,1,0,0
Spotted Pate of Maidenpool,Night's Watch,299,Dead,15,3,55,0,1,0,0,0,1,0,0
Stonesnake,Night's Watch,,Alive,15,,,43,1,0,0,1,0,0,0
Thoren Smallwood,Night's Watch,299,Dead,15,3,18,6,1,1,0,1,1,0,0
Tim Tangletongue,Night's Watch,,Alive,15,,,69,1,0,0,0,1,0,0
Todder,Night's Watch,,Alive,15,,,19,1,0,1,0,1,0,1
Tumberjon,Night's Watch,,Alive,15,,,0,1,0,0,0,1,0,0
Ulmer,Night's Watch,,Alive,15,,,33,1,0,0,0,1,0,1
Urreg,Night's Watch,299,Dead,15,2,19,14,1,0,0,1,0,0,0
Watt,Night's Watch,299,Dead,15,3,75,69,1,0,0,0,1,0,0
Waymar Royce,Night's Watch,297,Dead,15,1,0,0,1,1,1,0,0,0,0
Will,Night's Watch,297,Dead,15,1,0,0,1,0,1,0,0,0,0
Woth,Night's Watch,299,Dead,15,2,14,14,1,0,0,1,0,0,0
Wynton Stout,Night's Watch,,Alive,15,,,41,1,0,0,0,1,0,0
Yoren,Night's Watch,299,Dead,15,2,19,13,1,0,1,1,0,0,0
Young Henly,Night's Watch,299,Dead,15,3,55,55,1,0,0,0,1,0,0
Aegon Frey (Jinglebell),None,299,Dead,16,3,51,49,1,1,0,0,1,0,0
Aenys Frey,None,300,Dead,16,5,,59,0,1,1,1,1,0,1
Alayaya,None,,Alive,16,,,15,0,0,0,1,0,0,0
Alia of Braavos,None,,Alive,16,,,28,0,0,1,0,0,0,0
Alyx Frey,None,,Alive,16,,,49,1,1,0,0,1,0,0
Anguy,None,,Alive,16,,,30,1,0,1,0,1,0,0
Anvil Ryn,None,299,Dead,16,3,34,34,1,0,0,0,1,0,0
Arwyn Frey,None,,Alive,16,,,49,0,1,0,0,1,0,0
Azzak,None,,Alive,16,,,2,1,1,0,0,0,0,1
Barra,None,299,Dead,16,2,39,35,0,0,1,0,0,0,0
Barsena,None,300,Dead,16,5,52,11,0,0,0,0,0,0,1
Becca the Baker,None,299,Dead,16,3,34,34,0,0,0,0,1,0,0
Belaquo,None,,Alive,16,,,52,1,0,0,0,0,0,1
Bella,None,,Alive,16,,,29,0,0,0,0,1,0,0
Bellegere Otherys (courtesan),None,,Alive,16,,,34,0,1,0,0,0,1,0
Bellonara Otherys,None,,Alive,16,,,34,0,1,0,0,0,1,0
Ben,None,,Alive,16,,,37,1,0,0,0,0,1,0
Ben Bones,None,,Alive,16,,,12,1,0,0,0,0,0,1
Ben Plumm,None,,Alive,16,,,57,1,0,0,0,1,0,1
Benfrey Frey,None,299,Dead,16,5,51,51,1,1,0,0,1,0,0
Bennet,None,300,Dead,16,4,31,31,1,0,0,0,0,1,0
Beric Dondarrion,None,300,Dead,16,4,27,42,1,1,1,0,1,0,0
Bhakaz zo Loraq,None,,Alive,16,,,2,1,1,0,0,0,0,1
Big Walder Frey,None,,Alive,16,,,45,1,1,1,1,0,0,1
Biter,None,300,Dead,16,4,37,1,1,0,0,1,0,1,0
Black Walder Frey,None,,Alive,16,,,35,1,1,0,0,1,0,0
Bloodbeard,None,,Alive,16,,,25,1,0,0,0,0,0,1
Brenett,None,,Alive,16,,,49,1,0,0,0,1,0,0
Brusco,None,,Alive,16,,,22,1,0,0,0,0,1,1
Bryen,None,,Alive,16,,,68,1,0,0,0,1,0,0
Byan Votyris,None,,Alive,16,,,54,1,0,1,0,0,0,0
Cersei Frey,None,,Alive,16,,,49,0,1,0,0,1,0,0
Chataya,None,,Alive,16,,,15,0,0,0,1,0,0,0
Chiswyck,None,299,Dead,16,2,30,26,1,0,0,1,0,0,0
Cleos Frey,None,299,Dead,16,3,21,7,1,1,0,1,1,0,0
Cohollo,None,298,Dead,16,1,64,11,1,0,1,0,0,0,0
Coldhands,None,,Alive,16,,,46,1,0,0,0,1,0,1
Craster,None,299,Dead,16,3,33,23,1,0,0,1,1,0,0
Creighton Longbough,None,,Alive,16,,,4,1,0,0,0,0,1,0
Cutjack,None,,Alive,16,,,5,1,0,0,1,0,0,0
Damon Dance-for-Me,None,,Alive,16,,,12,1,0,0,0,0,0,1
Damon Vypren,None,,Alive,16,,,49,1,1,0,0,1,0,0
Dancy,None,,Alive,16,,,29,0,0,0,1,0,0,0
Danwell Frey,None,,Alive,16,,,59,1,1,1,1,1,1,0
Dhazzar,None,,Alive,16,,,2,1,1,0,0,0,0,1
Dick Crabb,None,300,Dead,16,4,20,9,1,0,0,0,0,1,0
Dobber,None,299,Dead,16,2,14,5,1,0,0,1,0,0,0
Donnel Haigh,None,,Alive,16,,,49,1,1,0,0,1,0,0
Dontos Hollard,None,300,Dead,16,3,61,57,1,1,1,1,1,0,0
Donyse,None,,Alive,16,,,72,0,0,0,0,1,0,0
Draqaz,None,,Alive,16,,,2,1,1,0,0,0,0,1
Dunsen,None,,Alive,16,,,26,1,0,0,1,0,0,0
Edric Dayne,None,,Alive,16,,,34,1,1,0,0,1,0,0
Edwyn Frey,None,,Alive,16,,,38,1,1,0,0,1,1,0
Eggon,None,,Alive,16,,,30,1,0,0,1,0,0,0
Elder Brother,None,,Alive,16,,,31,1,0,0,0,0,1,0
Elmar Frey,None,,Alive,16,,,59,1,1,1,1,1,0,0
Ermesande Hayford,None,,Alive,16,,,2,0,1,0,1,1,1,0
Erreck,None,,Alive,16,,,12,1,0,0,0,1,0,0
Fat Walda Frey,None,,Alive,16,,,37,0,1,0,0,1,0,1
Fletcher Will,None,299,Dead,16,3,34,34,1,0,0,0,1,0,0
Fogo,None,298,Dead,16,1,61,46,1,1,1,0,0,0,0
Galazza Galare,None,,Alive,16,,,23,0,1,0,0,0,0,1
Garse Goodbrook,None,299,Dead,16,3,,1,1,1,0,0,1,0,0
Gendry,None,,Alive,16,,,27,1,0,1,1,1,1,0
Gerren,None,299,Dead,16,2,19,14,1,0,0,1,0,0,0
Ghael,None,,Alive,16,,,71,1,0,0,0,1,0,1
Ghost of High Heart,None,,Alive,16,,,22,0,0,0,0,1,0,0
Gillam,None,,Alive,16,,,31,1,0,0,0,0,1,0
Godric Borrell,None,,Alive,16,,,9,1,1,0,0,0,0,1
Goghor,None,,Alive,16,,,52,1,0,0,0,0,0,1
Grazdan,None,299,Dead,16,3,27,27,1,1,0,0,1,0,0
Grazdan mo Eraz,None,,Alive,16,,,42,1,1,0,0,1,0,0
Grazdan mo Ullhor,None,299,Dead,16,3,27,27,1,1,0,0,1,0,0
Grazdan zo Galare,None,,Alive,16,,,2,1,1,0,0,0,0,1
Grazdar zo Galare,None,,Alive,16,,,2,1,1,0,0,0,0,1
Grisel,None,,Alive,16,,,68,0,0,0,0,1,0,0
Grunt,None,,Alive,16,,,12,1,0,0,0,0,0,1
Haggo,None,298,Dead,16,1,64,11,1,0,1,0,0,0,0
Hamish the Harper,None,300,Dead,16,5,43,32,1,0,0,0,1,1,0
Harghaz,None,300,Dead,16,5,70,52,1,0,0,0,0,0,1
Harra,None,299,Dead,16,2,64,26,0,0,0,1,0,0,0
Hazzea,None,300,Dead,16,5,11,11,0,0,0,0,0,0,1
Harry Strickland,None,,Alive,16,,,24,1,0,0,0,0,0,1
Harys Haigh,None,,Alive,16,,,64,1,1,0,1,1,0,0
Henly (Maester),None,,Alive,16,,,37,1,0,0,0,0,0,1
High Sparrow,None,,Alive,16,,,4,1,0,0,0,0,1,1
Hod,None,,Alive,16,,,5,1,0,0,1,0,0,0
Holger,None,,Alive,16,,,49,1,0,0,1,0,0,0
Hosteen Frey,None,,Alive,16,,,59,1,1,1,1,1,0,1
Hot Pie,None,,Alive,16,,,1,1,0,0,1,1,0,0
Husband,None,,Alive,16,,,11,1,0,0,0,1,0,0
Hyle Hunt,None,300,Dead,16,4,42,14,1,1,0,0,0,1,0
Iggo,None,299,Dead,16,3,3,3,1,0,0,0,1,0,0
Ithoke,None,,Alive,16,,,11,1,0,0,0,0,0,1
Jack-Be-Lucky,None,,Alive,16,,,17,1,0,0,0,1,1,0
Jaggot,None,,Alive,16,,,42,1,0,1,0,0,0,0
Jalabhar Xho,None,,Alive,16,,,29,1,1,1,1,1,1,0
Janos Slynt,None,300,Dead,16,5,7,27,1,1,1,1,1,0,1
Jaqen H'ghar,None,,Alive,16,,,5,1,0,0,1,0,1,0
Jared Frey,None,300,Dead,16,5,37,59,1,1,1,1,0,0,1
Jhaqo,None,,Alive,16,,,68,1,1,1,0,0,0,1
Jhezane,None,,Alive,16,,,2,0,1,0,0,0,0,1
Joss,None,,Alive,16,,,43,1,0,1,0,0,0,0
Joyeuse Erenford,None,,Alive,16,,,28,0,1,1,0,1,0,0
Kella,None,,Alive,16,,,68,0,0,0,0,1,0,0
Kezmya,None,,Alive,16,,,2,0,1,0,0,0,0,1
Khorane Sathmantes,None,,Alive,16,,,10,1,0,0,0,1,0,0
Khrazz,None,300,Dead,16,5,67,11,1,0,0,0,0,0,1
Kindly man,None,,Alive,16,,,6,1,0,0,0,0,1,1
Kojja Mo,None,,Alive,16,,,35,0,0,0,0,0,1,0
Kraznys mo Nakloz,None,299,Dead,16,3,27,23,1,1,0,0,1,0,0
Kurleket,None,298,Dead,16,1,31,31,1,0,1,0,0,0,0
Kyle (Banners),None,299,Dead,16,3,39,39,1,0,0,0,1,0,0
Lady of the Leaves,None,,Alive,16,,,22,0,0,0,0,1,0,0
Lanna (Happy Port),None,,Alive,16,,,34,0,0,0,0,0,1,0
Lem,None,,Alive,16,,,13,1,0,0,0,1,1,0
Lennocks,None,,Alive,16,,34,34,1,0,0,0,1,0,0
Lewis Lanster,None,,Alive,16,,,25,1,0,0,0,0,0,1
Little Walder Frey,None,300,Dead,16,5,51,59,1,1,1,1,0,0,1
Lorcas,None,,Alive,16,,,45,1,0,0,0,0,1,0
Lothar Frey,None,,Alive,16,,,35,1,1,0,0,1,0,0
Lothor Brune,None,,Alive,16,,,29,1,1,1,1,1,1,0
Lucan,None,299,Dead,16,2,64,38,1,0,0,1,0,0,0
Lucias Vypren,None,,Alive,16,,,49,1,1,0,0,1,0,0
Luco Prestayn,None,,Alive,16,,,22,1,0,0,0,0,1,0
Luton,None,300,Dead,16,5,51,37,1,0,0,0,0,0,1
Lyonel,None,,Alive,16,,,38,1,0,0,1,0,0,0
Lysono Maar,None,,Alive,16,,,24,1,0,0,0,0,0,1
Mad Huntsman,None,,Alive,16,,,29,1,0,0,0,1,0,0
Maerie (Goodwife),None,299,Dead,16,3,34,34,0,0,0,0,1,0,0
Maerie (Whore),None,299,Dead,16,3,34,34,0,0,0,0,1,0,0
Mago,None,,Alive,16,,,61,1,0,1,0,0,0,0
Marei,None,,Alive,16,,,29,0,0,0,1,0,0,0
Marissa Frey,None,,Alive,16,,,49,0,1,0,0,1,1,0
Mariya Darry,None,,Alive,16,,,30,0,1,0,0,0,1,0
Martyn Rivers,None,,Alive,16,,,29,1,1,1,1,1,0,0
Marwyn,None,,Alive,16,,,0,1,0,0,0,0,1,0
Mathos Mallarawan,None,,Alive,16,,,40,1,1,0,1,0,0,0
Mebble,None,,Alive,16,,,47,1,0,0,1,0,0,0
Melly,None,,Alive,16,,,34,0,0,0,0,1,0,0
Meribald,None,,Alive,16,,,25,1,0,0,0,0,1,0
Mero,None,299,Dead,16,3,57,42,1,0,0,0,1,0,0
Merrett Frey,None,300,Dead,16,3,,59,1,1,1,0,1,0,0
Mezzara,None,,Alive,16,,,2,0,1,0,0,0,0,1
Miklaz,None,,Alive,16,,,2,1,1,0,0,0,0,1
Mirri Maz Duur,None,299,Dead,16,1,72,61,0,0,1,0,0,0,0
Mohor,None,298,Dead,16,1,31,31,1,1,1,0,0,0,0
Mollander,None,,Alive,16,,,0,1,0,0,0,0,1,0
Moreo Tumitis,None,,Alive,16,,,18,1,0,1,0,0,0,0
Morgarth,None,,Alive,16,,,41,1,0,0,0,0,1,0
Moro,None,,Alive,16,,,3,1,1,1,0,0,0,0
Mudge (miller),None,299,Dead,16,3,34,34,1,0,0,0,1,0,0
Nage,None,,Alive,16,,,44,1,0,0,0,1,0,0
Narbert,None,,Alive,16,,,31,1,0,0,0,0,1,0
Nolla,None,299,Dead,16,3,34,34,0,0,0,0,1,0,0
Nurse,None,300,Dead,16,5,57,57,1,0,0,0,0,0,1
Notch,None,,Alive,16,,,43,1,0,0,0,1,0,0
Ogo,None,298,Dead,16,1,61,46,1,1,1,0,0,0,0
Olyvar Frey,None,,Alive,16,,,59,1,1,1,0,0,0,0
Oppo,None,300,Dead,16,4,17,60,1,0,0,0,1,1,0
Oswell Kettleblack,None,,Alive,16,,,68,1,1,0,0,1,0,0
Oznak zo Pahl,None,299,Dead,16,3,57,57,1,1,0,0,1,0,0
Pate (novice),None,300,Dead,16,4,0,0,1,0,0,0,0,1,0
Pate (Lancewood),None,299,Dead,16,3,34,34,1,0,0,0,1,0,0
Pate (Old),None,,Alive,16,,34,13,1,0,0,0,1,0,0
Pello,None,,Alive,16,,,17,1,0,0,0,1,0,0
Penny,None,,Alive,16,,,60,0,0,0,0,1,0,1
Perwyn Frey,None,,Alive,16,,,29,1,1,1,1,0,0,0
Petyr Baelish,None,,Alive,16,,,18,1,0,1,1,1,1,0
Petyr Frey,None,300,Dead,16,3,,49,1,1,0,0,1,0,0
Pia,None,,Alive,16,,,30,0,0,0,1,0,1,0
Polliver,None,300,Dead,16,3,27,26,1,0,0,1,1,0,0
Pono,None,,Alive,16,,,68,1,1,1,0,0,0,0
Praed,None,299,Dead,16,2,9,5,1,0,0,1,0,0,0
Prendahl na Ghezn,None,299,Dead,16,3,42,42,1,0,0,0,1,0,0
Pyat Pree,None,,Alive,16,,,12,1,1,0,1,0,0,0
Pyg,None,300,Dead,16,4,20,20,1,0,0,0,1,1,0
Qezza,None,,Alive,16,,,2,0,0,0,0,0,0,1
Qotho,None,298,Dead,16,1,61,11,1,0,1,0,0,0,0
Quaithe,None,,Alive,16,,,12,0,1,0,1,1,0,1
Quhuru Mo,None,,Alive,16,,,27,1,0,0,1,0,1,0
Rafford,None,,Alive,16,,,19,1,0,0,1,0,1,0
Ramsay Snow,None,,Alive,16,,,16,1,1,0,1,0,0,1
Randa,None,299,Dead,16,3,34,34,0,0,0,0,1,0,0
Raymund Frey,None,,Alive,16,,,49,1,1,0,0,1,0,0
Reek,None,299,Dead,16,2,35,16,1,0,0,1,0,0,0
Reznak mo Reznak,None,,Alive,16,,,2,1,1,0,0,0,0,1
Rhaegar Frey,None,300,Dead,16,5,29,19,1,1,0,0,0,0,1
Rhogoro,None,,Alive,16,,,3,1,1,1,0,0,0,0
Rigney,None,,Alive,16,,,11,1,0,0,0,0,1,0
Rodrik Ryswell,None,,Alive,16,,,32,1,1,0,0,0,0,1
Ronald Storm,None,,Alive,16,,,61,1,0,0,0,0,0,1
Roose Ryswell,None,,Alive,16,,,32,1,1,0,0,0,0,1
Rorge,None,300,Dead,16,4,37,1,1,0,0,1,1,1,0
Roslin Frey,None,,Alive,16,,,35,0,1,0,0,1,0,0
Ryger Rivers,None,,Alive,16,,,59,1,0,1,0,0,0,0
Ryman Frey,None,300,Dead,16,4,44,14,1,1,0,0,1,1,0
Sallor,None,299,Dead,16,3,42,42,1,0,0,0,1,0,0
Sandor Clegane,None,300,Dead,16,4,31,7,1,1,1,1,1,1,0
Sarra Frey,None,,Alive,16,,,49,0,1,0,0,1,0,0
Sedgekins,None,,Alive,16,,,50,1,0,0,0,1,0,0
Serra Frey,None,,Alive,16,,,49,0,1,0,0,1,0,0
Shadrich,None,,Alive,16,,,4,1,0,0,0,0,1,0
Shagwell,None,300,Dead,16,4,20,30,1,0,0,1,1,1,0
Sharna,None,,Alive,16,,,11,0,0,0,0,1,0,0
Shirei Frey,None,,Alive,16,,,49,0,1,0,0,1,0,0
Skahaz mo Kandaq,None,,Alive,16,,,2,1,1,0,0,0,0,1
Skinner,None,,Alive,16,,,12,1,0,0,0,0,0,1
Sour Alyn,None,,Alive,16,,,12,1,0,0,0,0,0,1
Spotted Cat,None,,Alive,16,,,11,1,0,0,0,0,0,1
Steelskin,None,,Alive,16,,,11,1,0,0,0,0,0,1
Sybassion,None,,Alive,16,,,63,1,0,0,1,0,0,0
Symond Frey,None,300,Dead,16,5,29,19,1,1,0,0,0,0,1
Ternesio Terys,None,,Alive,16,,,74,1,0,0,0,1,0,0
Theo Frey,None,,Alive,16,,,29,1,1,1,0,0,0,0
Theomore Lannister,None,,Alive,16,,,19,1,1,0,0,0,0,1
Thoros,None,,Alive,16,,,29,1,0,1,0,1,1,0
Three Toes,None,,Alive,16,,,44,1,0,0,0,1,0,0
Timeon,None,300,Dead,16,4,20,21,1,0,0,0,1,1,0
Tobho Mott,None,,Alive,16,,,27,1,0,1,0,1,0,0
Tom of Sevenstreams,None,,Alive,16,,,13,1,0,0,0,1,1,0
Torrek,None,,Alive,16,,,42,1,0,1,0,0,0,0
Tuffleberry,None,,Alive,16,,,38,1,0,0,1,0,0,0
Tybero Istarion,None,,Alive,16,,,66,1,0,0,0,0,0,1
Tycho Nestoris,None,,Alive,16,,,44,1,0,0,0,0,0,1
Tyta Frey,None,,Alive,16,,,49,0,1,0,0,1,0,0
Tytos Frey,None,299,Dead,16,3,,1,1,1,0,0,1,0,0
Umar,None,,Alive,16,,,56,1,0,1,0,0,0,0
Umfred,None,,Alive,16,,,68,1,0,0,0,1,0,0
Unella,None,,Alive,16,,,43,1,0,0,0,0,1,0
Urswyck,None,,Alive,16,,,21,1,0,0,0,1,0,0
Utt,None,299,Dead,16,3,39,30,1,0,0,1,1,0,0
Vargo Hoat,None,300,Dead,16,3,20,30,1,0,0,1,1,0,0
Waif,None,,Alive,16,,,6,0,0,0,0,0,1,1
Walda Rivers (daughter of Aemon),None,,Alive,16,,,49,0,1,0,0,1,0,0
Walder Frey,None,,Alive,16,,,28,1,1,1,0,1,0,0
Walder Rivers,None,,Alive,16,,,35,1,1,0,0,1,1,0
Walton,None,,Alive,16,,,64,1,0,0,1,1,0,1
Wat (orphan),None,,Alive,16,,,37,1,0,0,0,0,1,0
Wat (sailor),None,,Alive,16,,,34,1,0,0,0,0,1,0
Watty,None,,Alive,16,,,39,1,0,0,0,1,0,0
Weasel,None,,Alive,16,,,9,0,0,0,1,0,0,0
Wendello Qar Deeth,None,,Alive,16,,,40,1,1,0,1,0,0,0
Whalen Frey,None,,Alive,16,,,59,1,1,1,0,1,0,0
Will (orphan),None,,Alive,16,,,37,1,0,0,0,0,1,0
Wyl the Whittler,None,299,Dead,16,3,34,34,1,0,0,0,1,0,0
Xaro Xhoan Daxos,None,,Alive,16,,,12,1,1,0,1,0,0,1
Xhondo,None,,Alive,16,,,26,1,0,0,0,0,1,0
Yellow Dick,None,300,Dead,16,5,46,12,1,0,0,0,0,0,1
Zollo,None,,Alive,16,,,21,1,0,0,0,1,0,0
Yurkhaz zo Yunzak,None,300,Dead,16,5,59,47,1,0,0,0,0,0,1
Yezzan Zo Qaggaz,None,300,Dead,16,5,57,25,1,1,0,0,0,0,1
Alys Karstark,Stark,,Alive,17,,,44,0,1,0,0,0,0,1
Alysane Mormont,Stark,,Alive,17,,,35,0,1,0,0,0,0,1
Arnolf Karstark,Stark,,Alive,17,,,3,1,1,0,0,0,0,1
Arthor Karstark,Stark,,Alive,17,,,62,1,1,0,0,0,0,1
Barbrey Dustin,Stark,,Alive,17,,,26,0,1,0,0,0,0,1
Benfred Tallhart,Stark,299,Dead,17,2,37,16,1,1,0,1,0,0,0
Bessa (Winterfell),Stark,,Alive,17,,,37,0,0,1,0,0,0,0
Beth Cassel,Stark,,Alive,17,,,7,0,1,1,1,0,0,0
Brandon Norrey,Stark,,Alive,17,,,49,1,1,0,0,0,0,1
Brienne of Tarth,Stark,,Alive,17,,,22,0,1,0,1,1,1,1
Chayle,Stark,299,Dead,17,2,50,9,1,0,1,1,0,0,0
Cley Cerwyn,Stark,299,Dead,17,2,66,16,1,1,0,1,0,0,0
Cregan Karstark,Stark,,Alive,17,,,44,1,1,0,0,0,0,1
Dacey Mormont,Stark,299,Dead,17,3,51,63,0,1,1,0,1,0,0
Daryn Hornwood,Stark,298,Dead,17,1,63,63,1,1,1,0,0,0,0
Donella Hornwood,Stark,299,Dead,17,2,35,16,0,1,0,1,0,0,0
Donnel Locke,Stark,299,Dead,17,3,51,25,1,1,0,1,1,0,0
Dudley,Stark,299,Dead,17,3,34,34,1,0,0,0,1,0,0
Eddard Karstark,Stark,298,Dead,17,1,63,53,1,1,1,0,0,0,0
Eleyna Westerling,Stark,,Alive,17,,,45,0,1,0,0,1,1,0
Galbart Glover,Stark,,Alive,17,,,55,1,1,1,0,1,0,0
Gawen Westerling,Stark,,Alive,17,,,33,1,1,0,0,0,1,0
Gladden Wylde,Stark,298,Dead,17,1,55,43,1,1,1,0,0,0,0
Hallis Mollen,Stark,,Alive,17,,,14,1,1,1,1,0,0,0
Halys Hornwood,Stark,298,Dead,17,1,62,53,1,1,1,0,0,0,0
Harrion Karstark,Stark,,Alive,17,,,53,1,1,1,1,0,0,0
Harwin,Stark,,Alive,17,,,1,1,0,1,0,1,1,0
Harwood Stout,Stark,,Alive,17,,,32,1,1,0,0,0,0,1
Helman Tallhart,Stark,299,Dead,17,3,37,55,1,1,1,0,1,0,0
Hother Umber,Stark,,Alive,17,,,16,1,1,0,1,0,0,1
Jason Mallister,Stark,,Alive,17,,,28,1,1,1,0,1,0,0
Jeyne Poole,Stark,,Alive,17,,,7,0,1,1,0,1,0,1
Jeyne Westerling,Stark,,Alive,17,,,14,0,1,0,0,1,1,0
Jojen Reed,Stark,,Alive,17,,,21,1,1,0,1,1,0,1
Jon Umber (Greatjon),Stark,,Alive,17,,,51,1,1,1,1,1,0,0
Jon Umber (Smalljon),Stark,299,Dead,17,3,51,63,1,1,1,0,1,0,0
Jonelle Cerwyn,Stark,,Alive,17,,,53,0,1,1,0,0,0,0
Jory Cassel,Stark,298,Dead,17,1,35,1,1,1,1,0,0,0,0
Leobald Tallhart,Stark,299,Dead,17,2,66,16,1,1,0,1,0,0,0
Leona Woolfield,Stark,,Alive,17,,,19,0,1,0,0,0,0,1
Lharys,Stark,298,Dead,17,1,34,31,1,1,1,0,0,0,0
Maege Mormont,Stark,,Alive,17,,,53,0,1,1,0,1,0,0
Marlon Manderly,Stark,,Alive,17,,,19,1,1,0,0,0,0,1
Medger Cerwyn,Stark,299,Dead,17,2,30,53,1,1,1,1,0,0,0
Meera Reed,Stark,,Alive,17,,,21,0,1,0,1,1,0,1
Meliana,Stark,,Alive,17,,,69,0,0,0,0,1,0,0
Mors Umber,Stark,,Alive,17,,,21,1,1,0,1,0,0,0
Mycah,Stark,298,Dead,17,1,16,15,1,0,1,0,0,0,0
Ondrew Locke,Stark,,Alive,17,,,37,1,1,0,0,0,0,1
Raynald Westerling,Stark,299,Dead,17,3,44,14,1,1,0,0,1,1,0
Rickard Karstark,Stark,299,Dead,17,3,20,53,1,1,1,1,1,0,0
Rickard Ryswell,Stark,,Alive,17,,,20,1,1,0,0,0,0,1
Robett Glover,Stark,,Alive,17,,,53,1,1,1,1,0,0,1
Robin Flint,Stark,299,Dead,17,3,51,63,1,1,1,1,1,0,0
Rodrik Cassel,Stark,299,Dead,17,2,66,7,1,1,1,1,0,0,0
Roger Ryswell,Stark,,Alive,17,,,20,1,1,0,0,0,0,1
Rollam Westerling,Stark,,Alive,17,,,14,1,1,0,0,1,0,0
Roose Bolton,Stark,,Alive,17,,,33,1,1,1,1,1,0,1
Sansa Stark,Stark,,Alive,17,,,7,0,1,1,1,1,1,0
Stevron Frey,Stark,299,Dead,17,2,35,59,1,1,1,1,0,0,0
Sybelle Glover,Stark,,Alive,17,,,26,0,1,0,0,0,0,1
Theodan Wells,Stark,,Alive,17,,,43,1,1,0,0,0,1,1
Torrhen Karstark,Stark,298,Dead,17,1,63,53,1,1,1,0,0,0,0
Vayon Poole,Stark,298,Dead,17,1,21,7,1,0,1,1,0,0,0
Wendel Manderly,Stark,299,Dead,17,3,51,55,1,1,1,1,1,0,0
Wex Pyke,Stark,,Alive,17,,,24,1,0,0,1,0,0,1
Wilbert,Stark,298,Dead,17,3,29,29,1,0,0,0,1,0,0
Wylis Manderly,Stark,,Alive,17,,,55,1,1,1,1,0,1,0
Wylla Manderly,Stark,,Alive,17,,,19,0,1,0,0,0,0,1
Wyman Manderly,Stark,,Alive,17,,,16,1,1,0,1,0,0,1
Wynafryd Manderly,Stark,,Alive,17,,,19,1,1,0,0,0,0,1
Zei,Stark,,Alive,17,,,64,0,0,0,0,1,0,0
Barristan Selmy,Targaryen,,Alive,18,,,15,1,1,1,1,1,0,1
Daario Naharis,Targaryen,,Alive,18,,,42,1,0,0,0,1,0,1
Drogo,Targaryen,298,Dead,18,1,64,3,1,1,1,0,0,0,0
Eroeh,Targaryen,298,Dead,18,1,68,61,1,0,1,0,0,0,0
Ezzara,Targaryen,,Alive,18,,,30,0,0,0,0,0,0,1
Grey Worm,Targaryen,,Alive,18,,,42,1,0,0,0,1,0,1
Jon Connington,Targaryen,,Alive,18,,,5,1,1,0,0,0,0,1
Jorah Mormont,Targaryen,,Alive,18,,,23,1,1,1,1,1,0,1
Larraq,Targaryen,,Alive,18,,,59,1,0,0,0,0,0,1
Quaro,Targaryen,298,Dead,18,1,64,50,1,0,1,0,0,0,0
Raymun Darry,Targaryen,298,Dead,18,1,55,16,1,1,1,0,0,0,0
Rolly Duckfield,Targaryen,,Alive,18,,,8,1,0,0,0,0,0,1
Stalwart Shield,Targaryen,300,Dead,18,5,2,2,1,0,0,0,0,0,1
Symon Stripeback,Targaryen,,Alive,18,,,70,1,0,0,0,0,0,1
Tal Toraq,Targaryen,,Alive,18,,,70,1,0,0,0,0,0,1
Tumco Lho,Targaryen,,Alive,18,,,67,1,0,0,0,0,0,1
Varys,Targaryen,,Alive,18,,,25,1,0,1,1,1,0,1
Clement Piper,Tully,,Alive,19,,,38,1,1,0,0,0,1,0
Desmond Grell,Tully,,Alive,19,,,7,1,1,0,1,1,1,0
Donnel Waynwood,Tully,,Alive,19,,,34,1,1,1,0,0,0,0
Hugo Vance,Tully,,Alive,19,,,30,1,1,0,0,0,1,0
Jonos Bracken,Tully,,Alive,19,,,28,1,1,1,0,1,0,1
Karyl Vance,Tully,,Alive,19,,,43,1,1,1,0,1,1,0
Lucas Blackwood,Tully,299,Dead,19,3,51,22,1,1,0,1,1,0,0
Lyman Darry,Tully,299,Dead,19,3,7,71,1,1,1,1,0,0,0
Lymond Goodbrook,Tully,,Alive,19,,,45,1,1,0,0,1,0,0
Lymond Lychester,Tully,,Alive,19,,,22,1,1,0,0,1,0,0
Mark Mullendore,Tully,,Alive,19,,,22,1,1,0,1,0,0,0
Marq Piper,Tully,,Alive,19,,,56,1,1,1,0,1,0,0
Masha Heddle,Tully,298,Dead,19,1,56,28,0,0,1,0,0,0,0
Owen Norrey,Tully,299,Dead,19,3,51,51,1,1,0,0,1,0,0
Patrek Mallister,Tully,,Alive,19,,,28,1,1,1,0,1,0,0
Ravella Swann,Tully,,Alive,19,,,22,0,1,0,0,1,0,0
Robin Ryger,Tully,,Alive,19,,,7,1,1,0,1,1,1,0
Tytos Blackwood,Tully,,Alive,19,,,56,1,1,1,0,1,0,1
Utherydes Wayn,Tully,,Alive,19,,,71,1,0,1,1,1,0,0
Vyman,Tully,,Alive,19,,,55,1,0,0,1,1,1,0
William Mooton,Tully,,Alive,19,,,14,1,1,0,0,0,1,0
Willum,Tully,,Alive,19,,,43,1,0,1,0,0,0,0
Alyn Ambrose,Tyrell,,Alive,20,,,59,1,1,0,1,0,1,0
Arwyn Oakheart,Tyrell,,Alive,20,,,22,0,1,0,1,0,0,0
Bayard Norcross,Tyrell,,Alive,20,,,28,1,1,0,0,0,1,0
Elinor Tyrell,Tyrell,,Alive,20,,,6,0,1,0,0,1,1,0
Hobber Redwyne,Tyrell,,Alive,20,,,27,1,1,1,1,1,1,0
Horas Redwyne,Tyrell,,Alive,20,,,27,1,1,1,1,0,1,0
Janna Tyrell,Tyrell,,Alive,20,,,6,0,1,0,0,1,1,0
Leo Tyrell,Tyrell,,Alive,20,,,0,1,1,0,0,0,1,0
Leonette Fossoway,Tyrell,,Alive,20,,,6,0,1,0,0,1,0,0
Loras Tyrell,Tyrell,,Alive,20,,,18,1,1,1,1,1,1,0
Meredyth Crane,Tyrell,,Alive,20,,,61,0,1,0,0,1,1,0
Olenna Redwyne,Tyrell,,Alive,20,,,19,0,1,0,0,1,1,0
Paxter Redwyne,Tyrell,,Alive,20,,,65,1,1,0,1,1,1,0
Randyll Tarly,Tyrell,,Alive,20,,,22,1,1,0,1,0,1,1
Talbert Serry,Tyrell,300,Dead,20,4,29,29,1,1,0,0,0,1,0
Arson,Wildling,,Alive,21,,,26,1,0,0,0,1,0,0
Big Boil,Wildling,,Alive,21,,,41,1,0,0,0,1,0,0
Borroq,Wildling,,Alive,21,,,0,1,0,0,0,0,0,1
Dalla,Wildling,300,Dead,21,3,76,73,0,1,0,0,1,0,0
Del,Wildling,299,Dead,21,3,41,41,1,0,0,0,1,0,0
Frenya,Wildling,300,Dead,21,5,69,37,0,0,0,0,0,0,1
Gilly,Wildling,,Alive,21,,,23,0,0,0,1,1,1,1
Grigg,Wildling,,Alive,21,,,30,1,0,0,0,1,0,0
Hali,Wildling,298,Dead,21,1,37,37,0,0,1,0,0,0,0
Harma,Wildling,300,Dead,21,3,75,0,0,1,0,0,1,0,0
Holly,Wildling,300,Dead,21,5,69,37,0,0,0,0,0,0,1
Howd Wanderer,Wildling,,Alive,21,,,58,1,1,0,0,0,0,1
Jarl,Wildling,299,Dead,21,3,26,7,1,0,0,0,1,0,0
Lord of Bones,Wildling,300,Dead,21,5,10,68,1,1,0,1,1,0,1
Mag Mar Tun Doh Weg,Wildling,300,Dead,21,3,64,15,1,1,0,0,1,0,0
Mance Rayder,Wildling,,Alive,21,,,15,1,1,0,0,1,0,1
Maris,Wildling,,Alive,21,,,58,0,0,0,0,0,0,1
Meha,Wildling,,Alive,21,,,0,0,0,0,0,0,0,1
Monster,Wildling,,Alive,21,,,33,1,0,0,0,1,1,1
Morna White Mask,Wildling,,Alive,21,,,48,0,1,0,0,0,0,1
Myrtle,Wildling,300,Dead,21,5,69,37,0,0,0,0,0,0,1
Orell,Wildling,299,Dead,21,2,51,51,1,0,0,1,0,0,0
Quort,Wildling,299,Dead,21,3,55,41,1,0,0,0,1,0,0
Ragwyle,Wildling,,Alive,21,,,68,0,0,0,1,0,0,0
Rowan,Wildling,300,Dead,21,5,69,37,1,0,0,0,0,0,1
Ryk,Wildling,,Alive,21,,,7,1,0,0,0,1,0,0
Squirrel,Wildling,300,Dead,21,5,69,37,0,0,0,0,0,0,1
Stiv,Wildling,298,Dead,21,1,37,37,1,0,1,0,0,0,0
Stone Thumbs,Wildling,299,Dead,21,3,55,41,1,0,0,0,1,0,0
Styr,Wildling,300,Dead,21,3,26,7,1,1,0,0,1,0,0
Thistle,Wildling,300,Dead,21,5,0,0,0,0,0,0,0,0,1
Tormund,Wildling,,Alive,21,,,7,1,1,0,0,1,0,1
Val,Wildling,,Alive,21,,,7,0,0,0,0,1,0,1
Varamyr,Wildling,300,Dead,21,5,0,15,1,0,0,0,1,0,1
Wallen,Wildling,298,Dead,21,1,37,37,1,0,1,0,0,0,0
Weeper,Wildling,,Alive,21,,,7,1,1,0,0,1,0,0
Willow Witch-eye,Wildling,300,Dead,21,5,69,37,0,0,0,0,0,0,1
Wun Weg Wun Dar Wun,Wildling,,Alive,21,,,35,1,0,0,0,0,0,1
Ygritte,Wildling,299,Dead,21,3,55,51,0,0,0,1,1,0,0
Torwynd the Tame,Wildling,300,Dead,21,5,73,73,1,0,0,0,1,0,0
